{
  "Run_1": {
    "pred_accuracy": 0.7222222222222222,
    "pred_precision": 0.6470588235294118,
    "pred_recall": 0.7333333333333333,
    "pred_f1_score": 0.6875,
    "exp_accuracy": 0.75,
    "exp_precision": 0.7647058823529411,
    "exp_recall": 0.7222222222222222,
    "exp_f1_score": 0.7428571428571428
  },
  "Run_2": {
    "pred_accuracy": 0.7222222222222222,
    "pred_precision": 0.6470588235294118,
    "pred_recall": 0.7333333333333333,
    "pred_f1_score": 0.6875,
    "exp_accuracy": 0.7222222222222222,
    "exp_precision": 0.5882352941176471,
    "exp_recall": 0.7692307692307693,
    "exp_f1_score": 0.6666666666666667
  },
  "Run_3": {
    "pred_accuracy": 0.7222222222222222,
    "pred_precision": 0.6470588235294118,
    "pred_recall": 0.7333333333333333,
    "pred_f1_score": 0.6875,
    "exp_accuracy": 0.6388888888888888,
    "exp_precision": 0.47058823529411764,
    "exp_recall": 0.6666666666666666,
    "exp_f1_score": 0.5517241379310345
  },
  "Run_4": {
    "pred_accuracy": 0.7222222222222222,
    "pred_precision": 0.6470588235294118,
    "pred_recall": 0.7333333333333333,
    "pred_f1_score": 0.6875,
    "exp_accuracy": 0.6944444444444444,
    "exp_precision": 0.6470588235294118,
    "exp_recall": 0.6875,
    "exp_f1_score": 0.6666666666666667
  },
  "Run_5": {
    "pred_accuracy": 0.6666666666666666,
    "pred_precision": 0.5652173913043478,
    "pred_recall": 0.8666666666666667,
    "pred_f1_score": 0.6842105263157895,
    "exp_accuracy": 0.7222222222222222,
    "exp_precision": 0.6956521739130435,
    "exp_recall": 0.8421052631578947,
    "exp_f1_score": 0.761904761904762
  }
}