{
  "Run_1": {
    "pred_accuracy": 0.7222222222222222,
    "pred_precision": 0.6470588235294118,
    "pred_recall": 0.7333333333333333,
    "pred_f1_score": 0.6875,
    "exp_accuracy": 0.7222222222222222,
    "exp_precision": 0.6470588235294118,
    "exp_recall": 0.7333333333333333,
    "exp_f1_score": 0.6875
  }
}