{
  "Run_1": {
    "pred_accuracy": 0.6944444444444444,
    "pred_precision": 0.5833333333333334,
    "pred_recall": 0.9333333333333333,
    "pred_f1_score": 0.7179487179487181,
    "exp_accuracy": 0.75,
    "exp_precision": 0.6666666666666666,
    "exp_recall": 0.9411764705882353,
    "exp_f1_score": 0.7804878048780487
  },
  "Run_2": {
    "pred_accuracy": 0.6388888888888888,
    "pred_precision": 0.5357142857142857,
    "pred_recall": 1.0,
    "pred_f1_score": 0.6976744186046512,
    "exp_accuracy": 0.6944444444444444,
    "exp_precision": 0.6071428571428571,
    "exp_recall": 1.0,
    "exp_f1_score": 0.7555555555555554
  },
  "Run_3": {
    "pred_accuracy": 0.6111111111111112,
    "pred_precision": 0.5172413793103449,
    "pred_recall": 1.0,
    "pred_f1_score": 0.6818181818181819,
    "exp_accuracy": 0.5833333333333334,
    "exp_precision": 0.4827586206896552,
    "exp_recall": 1.0,
    "exp_f1_score": 0.6511627906976745
  },
  "Run_4": {
    "pred_accuracy": 0.6944444444444444,
    "pred_precision": 0.5909090909090909,
    "pred_recall": 0.8666666666666667,
    "pred_f1_score": 0.7027027027027029,
    "exp_accuracy": 0.7222222222222222,
    "exp_precision": 0.5909090909090909,
    "exp_recall": 0.9285714285714286,
    "exp_f1_score": 0.7222222222222223
  },
  "Run_5": {
    "pred_accuracy": 0.6388888888888888,
    "pred_precision": 0.5357142857142857,
    "pred_recall": 1.0,
    "pred_f1_score": 0.6976744186046512,
    "exp_accuracy": 0.6111111111111112,
    "exp_precision": 0.5,
    "exp_recall": 1.0,
    "exp_f1_score": 0.6666666666666666
  }
}