{
  "Run_1": {
    "pred_accuracy": 0.6388888888888888,
    "pred_precision": 0.5357142857142857,
    "pred_recall": 1.0,
    "pred_f1_score": 0.6976744186046512,
    "exp_accuracy": 0.6388888888888888,
    "exp_precision": 0.5357142857142857,
    "exp_recall": 1.0,
    "exp_f1_score": 0.6976744186046512
  },
  "Run_2": {
    "pred_accuracy": 0.6388888888888888,
    "pred_precision": 0.5357142857142857,
    "pred_recall": 1.0,
    "pred_f1_score": 0.6976744186046512,
    "exp_accuracy": 0.6111111111111112,
    "exp_precision": 0.5,
    "exp_recall": 1.0,
    "exp_f1_score": 0.6666666666666666
  },
  "Run_3": {
    "pred_accuracy": 0.6111111111111112,
    "pred_precision": 0.5172413793103449,
    "pred_recall": 1.0,
    "pred_f1_score": 0.6818181818181819,
    "exp_accuracy": 0.6388888888888888,
    "exp_precision": 0.5517241379310345,
    "exp_recall": 1.0,
    "exp_f1_score": 0.7111111111111111
  },
  "Run_4": {
    "pred_accuracy": 0.6388888888888888,
    "pred_precision": 0.5357142857142857,
    "pred_recall": 1.0,
    "pred_f1_score": 0.6976744186046512,
    "exp_accuracy": 0.6111111111111112,
    "exp_precision": 0.5,
    "exp_recall": 1.0,
    "exp_f1_score": 0.6666666666666666
  },
  "Run_5": {
    "pred_accuracy": 0.6111111111111112,
    "pred_precision": 0.5172413793103449,
    "pred_recall": 1.0,
    "pred_f1_score": 0.6818181818181819,
    "exp_accuracy": 0.5555555555555556,
    "exp_precision": 0.4482758620689655,
    "exp_recall": 1.0,
    "exp_f1_score": 0.6190476190476191
  }
}